workerid,trial_type,Answer.time_in_minutes,Answer.condition,QUD,item,context,response,number,slide_number
0,one_slider_practice,3.4061666666666666,twowithout,,,,1,,
0,one_slider_practice,3.4061666666666666,twowithout,,,,0,,
0,one_slider,3.4061666666666666,twowithout,all,dinosaurs,with,0,two,6
0,one_slider,3.4061666666666666,twowithout,all,control1,without,0,four,7
0,one_slider,3.4061666666666666,twowithout,all,butterflies,without,1,four,8
0,one_slider,3.4061666666666666,twowithout,how_many,lions,with,0,two,9
0,one_slider,3.4061666666666666,twowithout,how_many,frog,with,1,two,10
0,one_slider,3.4061666666666666,twowithout,none,control3,without,0.04,two,11
0,one_slider,3.4061666666666666,twowithout,none,control2,without,1,two,12
1,one_slider_practice,3.8422,twowithout,,,,0.89,,
1,one_slider_practice,3.8422,twowithout,,,,0.09,,
1,one_slider,3.8422,twowithout,all,frog,with,0.18,two,6
1,one_slider,3.8422,twowithout,none,dinosaurs,with,0.13,two,7
1,one_slider,3.8422,twowithout,none,control1,without,0.12,two,8
1,one_slider,3.8422,twowithout,all,butterflies,without,0.15,two,9
1,one_slider,3.8422,twowithout,all,control3,with,0.14,four,10
1,one_slider,3.8422,twowithout,how_many,lions,without,0.82,four,11
1,one_slider,3.8422,twowithout,none,control2,without,0.37,two,12
2,one_slider_practice,4.225766666666667,fourwithout,,,,0.94,,
2,one_slider_practice,4.225766666666667,fourwithout,,,,0.02,,
2,one_slider,4.225766666666667,fourwithout,all,control3,with,0.03,four,6
2,one_slider,4.225766666666667,fourwithout,none,butterflies,with,0.89,four,7
2,one_slider,4.225766666666667,fourwithout,none,control1,with,0.01,four,8
2,one_slider,4.225766666666667,fourwithout,none,dinosaurs,with,0.82,four,9
2,one_slider,4.225766666666667,fourwithout,none,control2,without,0.88,four,10
2,one_slider,4.225766666666667,fourwithout,none,lions,without,0.85,four,11
2,one_slider,4.225766666666667,fourwithout,all,frog,without,0.83,four,12
3,one_slider_practice,4.33445,fourwithout,,,,0.99,,
3,one_slider_practice,4.33445,fourwithout,,,,0.02,,
3,one_slider,4.33445,fourwithout,how_many,lions,without,0.02,two,6
3,one_slider,4.33445,fourwithout,how_many,control2,with,0.98,two,7
3,one_slider,4.33445,fourwithout,how_many,dinosaurs,without,0.01,two,8
3,one_slider,4.33445,fourwithout,none,control1,with,0.02,two,9
3,one_slider,4.33445,fourwithout,all,frog,without,0.99,four,10
3,one_slider,4.33445,fourwithout,none,butterflies,without,0.02,two,11
3,one_slider,4.33445,fourwithout,all,control3,without,0.02,four,12
4,one_slider_practice,9.6826,twowith,,,,0.92,,
4,one_slider_practice,9.6826,twowith,,,,0.88,,
4,one_slider,9.6826,twowith,how_many,frog,with,0.06,four,6
4,one_slider,9.6826,twowith,all,control1,with,0,four,7
4,one_slider,9.6826,twowith,all,dinosaurs,without,0,two,8
4,one_slider,9.6826,twowith,all,butterflies,with,0.98,two,9
4,one_slider,9.6826,twowith,none,control3,with,1,four,10
4,one_slider,9.6826,twowith,how_many,control2,without,1,two,11
4,one_slider,9.6826,twowith,all,lions,with,0.98,two,12
5,one_slider_practice,5.4869,fourwith,,,,0.97,,
5,one_slider_practice,5.4869,fourwith,,,,0.01,,
5,one_slider,5.4869,fourwith,all,control2,with,0.97,two,6
5,one_slider,5.4869,fourwith,all,dinosaurs,without,0.97,four,7
5,one_slider,5.4869,fourwith,none,lions,with,0.98,two,8
5,one_slider,5.4869,fourwith,all,butterflies,without,0.01,two,9
5,one_slider,5.4869,fourwith,all,control3,without,0.02,four,10
5,one_slider,5.4869,fourwith,none,frog,without,0,two,11
5,one_slider,5.4869,fourwith,none,control1,with,0.03,four,12
6,one_slider_practice,3.9938666666666665,twowithout,,,,0.98,,
6,one_slider_practice,3.9938666666666665,twowithout,,,,0,,
6,one_slider,3.9938666666666665,twowithout,none,butterflies,without,0.98,four,6
6,one_slider,3.9938666666666665,twowithout,how_many,frog,without,0.03,two,7
6,one_slider,3.9938666666666665,twowithout,how_many,dinosaurs,without,0.02,two,8
6,one_slider,3.9938666666666665,twowithout,all,control1,with,0.02,four,9
6,one_slider,3.9938666666666665,twowithout,none,control2,with,0.99,four,10
6,one_slider,3.9938666666666665,twowithout,how_many,lions,without,0.97,four,11
6,one_slider,3.9938666666666665,twowithout,none,control3,without,0,two,12
7,one_slider_practice,3.7192,fourwithout,,,,1,,
7,one_slider_practice,3.7192,fourwithout,,,,0,,
7,one_slider,3.7192,fourwithout,how_many,lions,without,1,four,6
7,one_slider,3.7192,fourwithout,all,frog,with,1,four,7
7,one_slider,3.7192,fourwithout,how_many,control3,without,0,four,8
7,one_slider,3.7192,fourwithout,how_many,butterflies,without,0,two,9
7,one_slider,3.7192,fourwithout,all,dinosaurs,without,1,four,10
7,one_slider,3.7192,fourwithout,all,control1,with,0,two,11
7,one_slider,3.7192,fourwithout,how_many,control2,without,1,four,12
8,one_slider_practice,5.9866166666666665,fourwithout,,,,0.97,,
8,one_slider_practice,5.9866166666666665,fourwithout,,,,0.02,,
8,one_slider,5.9866166666666665,fourwithout,how_many,butterflies,with,0.03,two,6
8,one_slider,5.9866166666666665,fourwithout,all,control1,without,0.01,two,7
8,one_slider,5.9866166666666665,fourwithout,how_many,dinosaurs,without,0.99,four,8
8,one_slider,5.9866166666666665,fourwithout,how_many,lions,with,0.98,four,9
8,one_slider,5.9866166666666665,fourwithout,how_many,control2,with,0.96,four,10
8,one_slider,5.9866166666666665,fourwithout,how_many,control3,with,0.01,four,11
8,one_slider,5.9866166666666665,fourwithout,how_many,frog,without,0.98,four,12
9,one_slider_practice,3.3308833333333334,twowithout,,,,1,,
9,one_slider_practice,3.3308833333333334,twowithout,,,,0,,
9,one_slider,3.3308833333333334,twowithout,none,dinosaurs,without,1,four,6
9,one_slider,3.3308833333333334,twowithout,how_many,control1,with,0,two,7
9,one_slider,3.3308833333333334,twowithout,all,control2,without,1,two,8
9,one_slider,3.3308833333333334,twowithout,all,butterflies,without,1,four,9
9,one_slider,3.3308833333333334,twowithout,all,control3,with,0,four,10
9,one_slider,3.3308833333333334,twowithout,none,frog,with,1,four,11
9,one_slider,3.3308833333333334,twowithout,all,lions,without,0,two,12
10,one_slider_practice,2.060766666666667,twowithout,,,,0.51,,
10,one_slider_practice,2.060766666666667,twowithout,,,,0.5,,
10,one_slider,2.060766666666667,twowithout,all,lions,without,0.5,four,6
10,one_slider,2.060766666666667,twowithout,none,frog,without,0.6,four,7
10,one_slider,2.060766666666667,twowithout,how_many,control3,with,0.55,two,8
10,one_slider,2.060766666666667,twowithout,none,control2,without,0.43,four,9
10,one_slider,2.060766666666667,twowithout,how_many,butterflies,with,0.53,two,10
10,one_slider,2.060766666666667,twowithout,all,dinosaurs,without,0.61,four,11
10,one_slider,2.060766666666667,twowithout,how_many,control1,without,0.41,two,12
11,one_slider_practice,7.0872166666666665,twowith,,,,1,,
11,one_slider_practice,7.0872166666666665,twowith,,,,0,,
11,one_slider,7.0872166666666665,twowith,none,frog,without,1,two,6
11,one_slider,7.0872166666666665,twowith,none,lions,without,1,four,7
11,one_slider,7.0872166666666665,twowith,all,control2,without,1,four,8
11,one_slider,7.0872166666666665,twowith,none,butterflies,without,1,two,9
11,one_slider,7.0872166666666665,twowith,all,dinosaurs,with,0,two,10
11,one_slider,7.0872166666666665,twowith,how_many,control3,without,0,two,11
11,one_slider,7.0872166666666665,twowith,how_many,control1,with,0,two,12
12,one_slider_practice,7.5945833333333335,twowith,,,,1,,
12,one_slider_practice,7.5945833333333335,twowith,,,,0,,
12,one_slider,7.5945833333333335,twowith,all,control2,with,1,two,6
12,one_slider,7.5945833333333335,twowith,none,butterflies,with,0,two,7
12,one_slider,7.5945833333333335,twowith,how_many,dinosaurs,with,0,two,8
12,one_slider,7.5945833333333335,twowith,none,frog,with,1,four,9
12,one_slider,7.5945833333333335,twowith,how_many,lions,without,1,four,10
12,one_slider,7.5945833333333335,twowith,all,control3,with,0,four,11
12,one_slider,7.5945833333333335,twowith,none,control1,with,0,two,12
13,one_slider_practice,7.793866666666666,twowithout,,,,1,,
13,one_slider_practice,7.793866666666666,twowithout,,,,0,,
13,one_slider,7.793866666666666,twowithout,none,butterflies,with,1,four,6
13,one_slider,7.793866666666666,twowithout,all,control2,with,1,four,7
13,one_slider,7.793866666666666,twowithout,all,control1,with,0,four,8
13,one_slider,7.793866666666666,twowithout,none,frog,without,1,four,9
13,one_slider,7.793866666666666,twowithout,none,dinosaurs,without,1,four,10
13,one_slider,7.793866666666666,twowithout,none,lions,with,1,four,11
13,one_slider,7.793866666666666,twowithout,all,control3,without,0,two,12
14,one_slider_practice,7.021366666666666,fourwithout,,,,0.81,,
14,one_slider_practice,7.021366666666666,fourwithout,,,,0.16,,
14,one_slider,7.021366666666666,fourwithout,how_many,lions,without,0.92,four,6
14,one_slider,7.021366666666666,fourwithout,how_many,control3,without,0.03,four,7
14,one_slider,7.021366666666666,fourwithout,how_many,control1,without,0.02,four,8
14,one_slider,7.021366666666666,fourwithout,how_many,dinosaurs,with,0.9,four,9
14,one_slider,7.021366666666666,fourwithout,none,frog,with,0.9,four,10
14,one_slider,7.021366666666666,fourwithout,how_many,butterflies,without,0.03,two,11
14,one_slider,7.021366666666666,fourwithout,none,control2,without,0.97,four,12
15,one_slider_practice,4.4988166666666665,twowith,,,,0.98,,
15,one_slider_practice,4.4988166666666665,twowith,,,,0,,
15,one_slider,4.4988166666666665,twowith,how_many,lions,without,0,two,6
15,one_slider,4.4988166666666665,twowith,how_many,dinosaurs,without,0,two,7
15,one_slider,4.4988166666666665,twowith,all,control1,without,0,two,8
15,one_slider,4.4988166666666665,twowith,none,control2,without,1,two,9
15,one_slider,4.4988166666666665,twowith,none,butterflies,without,1,four,10
15,one_slider,4.4988166666666665,twowith,none,control3,with,0,four,11
15,one_slider,4.4988166666666665,twowith,none,frog,with,0,two,12
16,one_slider_practice,5.373,fourwithout,,,,1,,
16,one_slider_practice,5.373,fourwithout,,,,0,,
16,one_slider,5.373,fourwithout,none,frog,without,0.98,four,6
16,one_slider,5.373,fourwithout,all,control1,with,0.01,four,7
16,one_slider,5.373,fourwithout,all,butterflies,with,0.02,two,8
16,one_slider,5.373,fourwithout,all,control2,without,0.99,four,9
16,one_slider,5.373,fourwithout,all,dinosaurs,with,0.99,four,10
16,one_slider,5.373,fourwithout,none,lions,without,0.02,two,11
16,one_slider,5.373,fourwithout,all,control3,without,0.01,four,12
17,one_slider_practice,2.6917666666666666,fourwith,,,,0.92,,
17,one_slider_practice,2.6917666666666666,fourwith,,,,0.72,,
17,one_slider,2.6917666666666666,fourwith,all,control2,with,0.74,four,6
17,one_slider,2.6917666666666666,fourwith,all,dinosaurs,with,0.28,two,7
17,one_slider,2.6917666666666666,fourwith,none,lions,without,0.67,four,8
17,one_slider,2.6917666666666666,fourwith,all,frog,with,0.76,four,9
17,one_slider,2.6917666666666666,fourwith,none,control3,without,0.86,four,10
17,one_slider,2.6917666666666666,fourwith,all,butterflies,without,0.76,four,11
17,one_slider,2.6917666666666666,fourwith,all,control1,with,0.78,four,12
18,one_slider_practice,7.88745,twowith,,,,0.35,,
18,one_slider_practice,7.88745,twowith,,,,0.7,,
18,one_slider,7.88745,twowith,all,frog,without,0.71,two,6
18,one_slider,7.88745,twowith,how_many,control1,with,0.37,four,7
18,one_slider,7.88745,twowith,how_many,butterflies,with,0.62,two,8
18,one_slider,7.88745,twowith,all,lions,without,0.38,two,9
18,one_slider,7.88745,twowith,all,control3,without,0.69,two,10
18,one_slider,7.88745,twowith,all,dinosaurs,with,0.7,two,11
18,one_slider,7.88745,twowith,none,control2,with,0.31,two,12
19,one_slider_practice,5.1685,twowithout,,,,0,,
19,one_slider_practice,5.1685,twowithout,,,,0,,
19,one_slider,5.1685,twowithout,how_many,control2,without,1,two,6
19,one_slider,5.1685,twowithout,all,control1,with,0,two,7
19,one_slider,5.1685,twowithout,how_many,control3,with,0,four,8
19,one_slider,5.1685,twowithout,how_many,lions,with,0,two,9
19,one_slider,5.1685,twowithout,none,butterflies,without,1,four,10
19,one_slider,5.1685,twowithout,all,dinosaurs,without,1,four,11
19,one_slider,5.1685,twowithout,all,frog,without,0,two,12
20,one_slider_practice,12.9833,twowith,,,,0.97,,
20,one_slider_practice,12.9833,twowith,,,,0.03,,
20,one_slider,12.9833,twowith,how_many,dinosaurs,with,0.18,two,6
20,one_slider,12.9833,twowith,how_many,control2,without,0.99,four,7
20,one_slider,12.9833,twowith,all,frog,with,0.08,two,8
20,one_slider,12.9833,twowith,all,control3,with,0.16,two,9
20,one_slider,12.9833,twowith,none,control1,with,0.03,two,10
20,one_slider,12.9833,twowith,none,lions,without,0.06,two,11
20,one_slider,12.9833,twowith,how_many,butterflies,with,0.82,two,12
21,one_slider_practice,4.175633333333334,fourwith,,,,0.96,,
21,one_slider_practice,4.175633333333334,fourwith,,,,0.03,,
21,one_slider,4.175633333333334,fourwith,all,control1,without,0.02,four,6
21,one_slider,4.175633333333334,fourwith,how_many,control3,without,0.03,four,7
21,one_slider,4.175633333333334,fourwith,how_many,control2,without,0.96,four,8
21,one_slider,4.175633333333334,fourwith,how_many,dinosaurs,with,0.03,two,9
21,one_slider,4.175633333333334,fourwith,none,frog,with,0.99,four,10
21,one_slider,4.175633333333334,fourwith,all,lions,without,0.98,four,11
21,one_slider,4.175633333333334,fourwith,all,butterflies,with,1,four,12
22,one_slider_practice,4.961616666666667,twowithout,,,,1,,
22,one_slider_practice,4.961616666666667,twowithout,,,,0,,
22,one_slider,4.961616666666667,twowithout,how_many,dinosaurs,without,1,four,6
22,one_slider,4.961616666666667,twowithout,none,lions,with,0,two,7
22,one_slider,4.961616666666667,twowithout,all,butterflies,without,0.49,two,8
22,one_slider,4.961616666666667,twowithout,all,frog,with,0.54,two,9
22,one_slider,4.961616666666667,twowithout,how_many,control2,without,1,two,10
22,one_slider,4.961616666666667,twowithout,none,control1,without,0,four,11
22,one_slider,4.961616666666667,twowithout,all,control3,without,0,two,12
23,one_slider_practice,4.22965,fourwith,,,,1,,
23,one_slider_practice,4.22965,fourwith,,,,0,,
23,one_slider,4.22965,fourwith,all,dinosaurs,without,0,two,6
23,one_slider,4.22965,fourwith,all,frog,with,0.63,two,7
23,one_slider,4.22965,fourwith,how_many,control3,without,0,four,8
23,one_slider,4.22965,fourwith,all,control2,without,1,four,9
23,one_slider,4.22965,fourwith,none,butterflies,with,0.6,two,10
23,one_slider,4.22965,fourwith,all,control1,with,0,four,11
23,one_slider,4.22965,fourwith,all,lions,with,1,four,12
24,one_slider_practice,7.497966666666667,twowithout,,,,0.94,,
24,one_slider_practice,7.497966666666667,twowithout,,,,0,,
24,one_slider,7.497966666666667,twowithout,how_many,butterflies,without,0.18,two,6
24,one_slider,7.497966666666667,twowithout,how_many,dinosaurs,with,0.16,two,7
24,one_slider,7.497966666666667,twowithout,how_many,control3,with,0,four,8
24,one_slider,7.497966666666667,twowithout,none,frog,without,0.26,two,9
24,one_slider,7.497966666666667,twowithout,all,control2,with,1,two,10
24,one_slider,7.497966666666667,twowithout,all,control1,without,0,four,11
24,one_slider,7.497966666666667,twowithout,none,lions,without,0.22,two,12
25,one_slider_practice,3.287316666666667,fourwithout,,,,0.98,,
25,one_slider_practice,3.287316666666667,fourwithout,,,,0.01,,
25,one_slider,3.287316666666667,fourwithout,all,lions,with,0.01,two,6
25,one_slider,3.287316666666667,fourwithout,none,dinosaurs,without,0.97,two,7
25,one_slider,3.287316666666667,fourwithout,all,frog,without,0.01,two,8
25,one_slider,3.287316666666667,fourwithout,all,butterflies,with,0.01,two,9
25,one_slider,3.287316666666667,fourwithout,how_many,control3,without,0.02,two,10
25,one_slider,3.287316666666667,fourwithout,none,control1,without,0,two,11
25,one_slider,3.287316666666667,fourwithout,none,control2,without,1,four,12
26,one_slider_practice,4.6059,fourwithout,,,,1,,
26,one_slider_practice,4.6059,fourwithout,,,,0,,
26,one_slider,4.6059,fourwithout,none,butterflies,without,0.24,two,6
26,one_slider,4.6059,fourwithout,none,dinosaurs,with,0.62,two,7
26,one_slider,4.6059,fourwithout,all,control1,with,0.25,four,8
26,one_slider,4.6059,fourwithout,none,control2,without,1,four,9
26,one_slider,4.6059,fourwithout,all,control3,with,0.33,two,10
26,one_slider,4.6059,fourwithout,all,frog,without,0.69,two,11
26,one_slider,4.6059,fourwithout,how_many,lions,without,0.5,four,12
27,one_slider_practice,1.3659,fourwith,,,,0.8,,
27,one_slider_practice,1.3659,fourwith,,,,0.57,,
27,one_slider,1.3659,fourwith,none,dinosaurs,with,0.76,two,6
27,one_slider,1.3659,fourwith,none,frog,without,0.65,two,7
27,one_slider,1.3659,fourwith,how_many,control2,without,0.48,two,8
27,one_slider,1.3659,fourwith,how_many,lions,with,0.25,four,9
27,one_slider,1.3659,fourwith,all,control3,with,0.75,two,10
27,one_slider,1.3659,fourwith,how_many,butterflies,without,0.7,two,11
27,one_slider,1.3659,fourwith,none,control1,with,0.47,four,12
28,one_slider_practice,4.831366666666667,twowithout,,,,1,,
28,one_slider_practice,4.831366666666667,twowithout,,,,0.03,,
28,one_slider,4.831366666666667,twowithout,how_many,frog,with,0.96,four,6
28,one_slider,4.831366666666667,twowithout,how_many,lions,with,0.05,two,7
28,one_slider,4.831366666666667,twowithout,how_many,control1,with,0.18,two,8
28,one_slider,4.831366666666667,twowithout,how_many,control2,with,0.97,four,9
28,one_slider,4.831366666666667,twowithout,all,control3,with,0.06,two,10
28,one_slider,4.831366666666667,twowithout,none,butterflies,without,0.96,four,11
28,one_slider,4.831366666666667,twowithout,all,dinosaurs,without,0.04,two,12
29,one_slider_practice,4.229716666666667,fourwithout,,,,0.99,,
29,one_slider_practice,4.229716666666667,fourwithout,,,,0,,
29,one_slider,4.229716666666667,fourwithout,none,dinosaurs,with,1,four,6
29,one_slider,4.229716666666667,fourwithout,all,lions,with,0.08,two,7
29,one_slider,4.229716666666667,fourwithout,how_many,control3,with,0.04,two,8
29,one_slider,4.229716666666667,fourwithout,how_many,frog,with,0.97,four,9
29,one_slider,4.229716666666667,fourwithout,how_many,control2,without,0.98,four,10
29,one_slider,4.229716666666667,fourwithout,how_many,butterflies,without,0.99,four,11
29,one_slider,4.229716666666667,fourwithout,how_many,control1,without,0.49,four,12
30,one_slider_practice,4.396433333333333,fourwithout,,,,1,,
30,one_slider_practice,4.396433333333333,fourwithout,,,,0,,
30,one_slider,4.396433333333333,fourwithout,none,dinosaurs,with,0,two,6
30,one_slider,4.396433333333333,fourwithout,how_many,control1,without,0,two,7
30,one_slider,4.396433333333333,fourwithout,how_many,lions,with,0,two,8
30,one_slider,4.396433333333333,fourwithout,none,control2,without,1,four,9
30,one_slider,4.396433333333333,fourwithout,none,butterflies,with,0,two,10
30,one_slider,4.396433333333333,fourwithout,none,frog,with,0,two,11
30,one_slider,4.396433333333333,fourwithout,none,control3,without,0,four,12
31,one_slider_practice,4.702816666666667,fourwithout,,,,0.99,,
31,one_slider_practice,4.702816666666667,fourwithout,,,,0.01,,
31,one_slider,4.702816666666667,fourwithout,how_many,control1,without,0.02,four,6
31,one_slider,4.702816666666667,fourwithout,none,control3,without,0.02,four,7
31,one_slider,4.702816666666667,fourwithout,how_many,dinosaurs,with,1,four,8
31,one_slider,4.702816666666667,fourwithout,all,butterflies,with,0.99,four,9
31,one_slider,4.702816666666667,fourwithout,how_many,lions,with,1,four,10
31,one_slider,4.702816666666667,fourwithout,all,frog,with,0.99,four,11
31,one_slider,4.702816666666667,fourwithout,all,control2,without,0.99,four,12
32,one_slider_practice,18.46005,twowith,,,,0.99,,
32,one_slider_practice,18.46005,twowith,,,,0.01,,
32,one_slider,18.46005,twowith,all,lions,without,0.01,two,6
32,one_slider,18.46005,twowith,how_many,control3,without,0.01,four,7
32,one_slider,18.46005,twowith,all,control1,without,0.98,two,8
32,one_slider,18.46005,twowith,all,butterflies,without,0.98,four,9
32,one_slider,18.46005,twowith,how_many,dinosaurs,with,0.99,four,10
32,one_slider,18.46005,twowith,how_many,control2,without,0.97,four,11
32,one_slider,18.46005,twowith,how_many,frog,with,0.02,two,12
33,one_slider_practice,5.186116666666667,twowith,,,,0.23,,
33,one_slider_practice,5.186116666666667,twowith,,,,0.12,,
33,one_slider,5.186116666666667,twowith,none,control1,with,0.09,two,6
33,one_slider,5.186116666666667,twowith,how_many,control3,without,0.04,four,7
33,one_slider,5.186116666666667,twowith,how_many,control2,without,0.98,two,8
33,one_slider,5.186116666666667,twowith,how_many,butterflies,with,0,two,9
33,one_slider,5.186116666666667,twowith,none,frog,without,0.98,two,10
33,one_slider,5.186116666666667,twowith,how_many,lions,with,0.98,four,11
33,one_slider,5.186116666666667,twowith,none,dinosaurs,with,0,two,12
34,one_slider_practice,4.108966666666666,twowith,,,,0.99,,
34,one_slider_practice,4.108966666666666,twowith,,,,0.02,,
34,one_slider,4.108966666666666,twowith,how_many,control3,without,0.02,four,6
34,one_slider,4.108966666666666,twowith,all,lions,without,0.99,four,7
34,one_slider,4.108966666666666,twowith,all,butterflies,without,0.98,four,8
34,one_slider,4.108966666666666,twowith,how_many,frog,with,1,four,9
34,one_slider,4.108966666666666,twowith,how_many,control2,with,0.99,two,10
34,one_slider,4.108966666666666,twowith,how_many,dinosaurs,with,0.03,two,11
34,one_slider,4.108966666666666,twowith,all,control1,with,0.02,two,12
35,one_slider_practice,3.859783333333333,fourwith,,,,0.93,,
35,one_slider_practice,3.859783333333333,fourwith,,,,0.04,,
35,one_slider,3.859783333333333,fourwith,how_many,dinosaurs,with,0.85,two,6
35,one_slider,3.859783333333333,fourwith,how_many,control1,without,0.04,four,7
35,one_slider,3.859783333333333,fourwith,all,control2,without,1,two,8
35,one_slider,3.859783333333333,fourwith,all,frog,without,1,four,9
35,one_slider,3.859783333333333,fourwith,none,control3,with,0,four,10
35,one_slider,3.859783333333333,fourwith,none,butterflies,with,0.75,four,11
35,one_slider,3.859783333333333,fourwith,all,lions,with,0.93,four,12
36,one_slider_practice,3.40205,twowithout,,,,1,,
36,one_slider_practice,3.40205,twowithout,,,,0,,
36,one_slider,3.40205,twowithout,all,frog,without,1,four,6
36,one_slider,3.40205,twowithout,none,dinosaurs,with,0,two,7
36,one_slider,3.40205,twowithout,none,lions,with,1,four,8
36,one_slider,3.40205,twowithout,all,control1,without,0,two,9
36,one_slider,3.40205,twowithout,none,control3,with,0,two,10
36,one_slider,3.40205,twowithout,how_many,butterflies,without,1,four,11
36,one_slider,3.40205,twowithout,none,control2,without,1,two,12
37,one_slider_practice,2.3746666666666667,twowith,,,,0.54,,
37,one_slider_practice,2.3746666666666667,twowith,,,,0.64,,
37,one_slider,2.3746666666666667,twowith,none,lions,without,0.36,two,6
37,one_slider,2.3746666666666667,twowith,how_many,control3,without,0.77,four,7
37,one_slider,2.3746666666666667,twowith,how_many,control1,without,0.66,four,8
37,one_slider,2.3746666666666667,twowith,how_many,butterflies,without,0.31,two,9
37,one_slider,2.3746666666666667,twowith,all,dinosaurs,without,0.6,four,10
37,one_slider,2.3746666666666667,twowith,all,control2,with,0.84,four,11
37,one_slider,2.3746666666666667,twowith,all,frog,with,0.5,two,12
38,one_slider_practice,1.92415,fourwith,,,,0.61,,
38,one_slider_practice,1.92415,fourwith,,,,0.42,,
38,one_slider,1.92415,fourwith,how_many,lions,with,0.66,four,6
38,one_slider,1.92415,fourwith,how_many,control3,with,0.26,four,7
38,one_slider,1.92415,fourwith,none,dinosaurs,with,0.21,four,8
38,one_slider,1.92415,fourwith,none,butterflies,with,0.36,two,9
38,one_slider,1.92415,fourwith,none,frog,without,0.63,four,10
38,one_slider,1.92415,fourwith,none,control1,without,0.17,four,11
38,one_slider,1.92415,fourwith,all,control2,with,0.71,four,12
39,one_slider_practice,3.8356,twowith,,,,0.98,,
39,one_slider_practice,3.8356,twowith,,,,0,,
39,one_slider,3.8356,twowith,none,dinosaurs,without,0,two,6
39,one_slider,3.8356,twowith,how_many,butterflies,without,1,four,7
39,one_slider,3.8356,twowith,how_many,control3,with,0,four,8
39,one_slider,3.8356,twowith,how_many,control2,with,1,two,9
39,one_slider,3.8356,twowith,none,frog,without,0,two,10
39,one_slider,3.8356,twowith,how_many,lions,with,1,two,11
39,one_slider,3.8356,twowith,none,control1,with,0,two,12
40,one_slider_practice,4.9564,fourwith,,,,1,,
40,one_slider_practice,4.9564,fourwith,,,,0,,
40,one_slider,4.9564,fourwith,none,lions,without,1,four,6
40,one_slider,4.9564,fourwith,none,control3,with,0,two,7
40,one_slider,4.9564,fourwith,how_many,frog,with,0,two,8
40,one_slider,4.9564,fourwith,all,butterflies,with,0,two,9
40,one_slider,4.9564,fourwith,all,control1,with,0,two,10
40,one_slider,4.9564,fourwith,none,dinosaurs,without,1,four,11
40,one_slider,4.9564,fourwith,how_many,control2,with,1,four,12
41,one_slider_practice,1.6375166666666667,twowithout,,,,0.86,,
41,one_slider_practice,1.6375166666666667,twowithout,,,,0.83,,
41,one_slider,1.6375166666666667,twowithout,none,dinosaurs,without,0.79,four,6
41,one_slider,1.6375166666666667,twowithout,none,control3,without,0.78,two,7
41,one_slider,1.6375166666666667,twowithout,how_many,control1,with,0.8,four,8
41,one_slider,1.6375166666666667,twowithout,all,lions,without,0.28,four,9
41,one_slider,1.6375166666666667,twowithout,all,butterflies,without,0.74,two,10
41,one_slider,1.6375166666666667,twowithout,all,control2,without,0.43,four,11
41,one_slider,1.6375166666666667,twowithout,none,frog,without,0.62,two,12
42,one_slider_practice,3.0083166666666665,twowithout,,,,0.57,,
42,one_slider_practice,3.0083166666666665,twowithout,,,,0.48,,
42,one_slider,3.0083166666666665,twowithout,all,frog,with,0.69,four,6
42,one_slider,3.0083166666666665,twowithout,how_many,control3,with,0.65,four,7
42,one_slider,3.0083166666666665,twowithout,none,butterflies,without,0.65,four,8
42,one_slider,3.0083166666666665,twowithout,none,lions,with,0.34,four,9
42,one_slider,3.0083166666666665,twowithout,none,control2,without,0.48,two,10
42,one_slider,3.0083166666666665,twowithout,all,control1,without,0.62,two,11
42,one_slider,3.0083166666666665,twowithout,how_many,dinosaurs,without,0.41,two,12
43,one_slider_practice,6.927416666666667,fourwithout,,,,0.79,,
43,one_slider_practice,6.927416666666667,fourwithout,,,,0.87,,
43,one_slider,6.927416666666667,fourwithout,none,lions,without,0.88,two,6
43,one_slider,6.927416666666667,fourwithout,all,control1,with,0.81,two,7
43,one_slider,6.927416666666667,fourwithout,all,butterflies,without,0.81,four,8
43,one_slider,6.927416666666667,fourwithout,how_many,frog,with,0.84,four,9
43,one_slider,6.927416666666667,fourwithout,all,control3,with,0.82,two,10
43,one_slider,6.927416666666667,fourwithout,how_many,control2,with,0.81,two,11
43,one_slider,6.927416666666667,fourwithout,how_many,dinosaurs,without,0.81,four,12
44,one_slider_practice,7.222683333333333,twowithout,,,,1,,
44,one_slider_practice,7.222683333333333,twowithout,,,,0.01,,
44,one_slider,7.222683333333333,twowithout,how_many,control3,with,0.01,two,6
44,one_slider,7.222683333333333,twowithout,how_many,dinosaurs,without,1,four,7
44,one_slider,7.222683333333333,twowithout,how_many,lions,without,1,four,8
44,one_slider,7.222683333333333,twowithout,none,butterflies,with,0.02,two,9
44,one_slider,7.222683333333333,twowithout,all,frog,without,0.02,two,10
44,one_slider,7.222683333333333,twowithout,how_many,control1,without,0.03,two,11
44,one_slider,7.222683333333333,twowithout,none,control2,without,0.98,two,12
45,one_slider_practice,4.655716666666667,fourwith,,,,0.98,,
45,one_slider_practice,4.655716666666667,fourwith,,,,0,,
45,one_slider,4.655716666666667,fourwith,all,frog,with,0.96,two,6
45,one_slider,4.655716666666667,fourwith,all,control1,with,0.02,four,7
45,one_slider,4.655716666666667,fourwith,none,dinosaurs,without,0.98,four,8
45,one_slider,4.655716666666667,fourwith,none,control2,with,0.98,two,9
45,one_slider,4.655716666666667,fourwith,all,lions,without,0.01,two,10
45,one_slider,4.655716666666667,fourwith,none,butterflies,without,1,four,11
45,one_slider,4.655716666666667,fourwith,all,control3,with,0.01,four,12
46,one_slider_practice,6.954166666666667,twowith,,,,0.99,,
46,one_slider_practice,6.954166666666667,twowith,,,,0,,
46,one_slider,6.954166666666667,twowith,none,control3,without,0,four,6
46,one_slider,6.954166666666667,twowith,how_many,lions,with,0.95,four,7
46,one_slider,6.954166666666667,twowith,all,control1,with,0,two,8
46,one_slider,6.954166666666667,twowith,how_many,frog,with,0,two,9
46,one_slider,6.954166666666667,twowith,all,dinosaurs,with,0,two,10
46,one_slider,6.954166666666667,twowith,all,butterflies,with,0.94,four,11
46,one_slider,6.954166666666667,twowith,how_many,control2,with,1,two,12
47,one_slider_practice,6.816516666666667,twowithout,,,,0.99,,
47,one_slider_practice,6.816516666666667,twowithout,,,,0,,
47,one_slider,6.816516666666667,twowithout,how_many,butterflies,without,0.98,four,6
47,one_slider,6.816516666666667,twowithout,how_many,lions,with,0.06,two,7
47,one_slider,6.816516666666667,twowithout,how_many,control1,without,0.01,four,8
47,one_slider,6.816516666666667,twowithout,all,control2,without,0.98,two,9
47,one_slider,6.816516666666667,twowithout,none,control3,with,0,four,10
47,one_slider,6.816516666666667,twowithout,none,dinosaurs,without,0.02,two,11
47,one_slider,6.816516666666667,twowithout,none,frog,without,0.01,two,12
48,one_slider_practice,7.685766666666667,twowithout,,,,0.98,,
48,one_slider_practice,7.685766666666667,twowithout,,,,0.02,,
48,one_slider,7.685766666666667,twowithout,none,frog,with,0.97,two,6
48,one_slider,7.685766666666667,twowithout,none,control3,without,0.01,two,7
48,one_slider,7.685766666666667,twowithout,all,lions,with,0.99,two,8
48,one_slider,7.685766666666667,twowithout,how_many,butterflies,without,0.83,four,9
48,one_slider,7.685766666666667,twowithout,how_many,control2,with,0.98,four,10
48,one_slider,7.685766666666667,twowithout,how_many,control1,without,0.02,two,11
48,one_slider,7.685766666666667,twowithout,none,dinosaurs,without,0.83,two,12
49,one_slider_practice,5.7408166666666665,fourwith,,,,0.98,,
49,one_slider_practice,5.7408166666666665,fourwith,,,,0.03,,
49,one_slider,5.7408166666666665,fourwith,how_many,lions,without,0.97,four,6
49,one_slider,5.7408166666666665,fourwith,how_many,control3,without,0.03,four,7
49,one_slider,5.7408166666666665,fourwith,all,frog,without,0.98,four,8
49,one_slider,5.7408166666666665,fourwith,none,butterflies,without,0.01,two,9
49,one_slider,5.7408166666666665,fourwith,none,control2,with,0.98,four,10
49,one_slider,5.7408166666666665,fourwith,all,dinosaurs,with,0.03,two,11
49,one_slider,5.7408166666666665,fourwith,none,control1,with,0.02,four,12
50,one_slider_practice,5.3606,twowith,,,,0.97,,
50,one_slider_practice,5.3606,twowith,,,,0.01,,
50,one_slider,5.3606,twowith,how_many,control1,with,0,two,6
50,one_slider,5.3606,twowith,none,control2,with,1,four,7
50,one_slider,5.3606,twowith,all,lions,with,0.03,two,8
50,one_slider,5.3606,twowith,all,butterflies,with,0.01,two,9
50,one_slider,5.3606,twowith,how_many,dinosaurs,without,0,two,10
50,one_slider,5.3606,twowith,all,control3,without,0.01,two,11
50,one_slider,5.3606,twowith,all,frog,with,0.02,two,12
51,one_slider_practice,16.06865,twowithout,,,,0.95,,
51,one_slider_practice,16.06865,twowithout,,,,0.06,,
51,one_slider,16.06865,twowithout,none,dinosaurs,with,0.06,two,6
51,one_slider,16.06865,twowithout,how_many,frog,without,0.93,four,7
51,one_slider,16.06865,twowithout,how_many,control3,with,0.04,four,8
51,one_slider,16.06865,twowithout,how_many,control1,with,0.05,two,9
51,one_slider,16.06865,twowithout,none,lions,without,0.06,two,10
51,one_slider,16.06865,twowithout,none,butterflies,without,0.92,four,11
51,one_slider,16.06865,twowithout,how_many,control2,without,0.93,two,12
52,one_slider_practice,1.8705,twowithout,,,,0,,
52,one_slider_practice,1.8705,twowithout,,,,1,,
52,one_slider,1.8705,twowithout,how_many,control1,without,0,four,6
52,one_slider,1.8705,twowithout,how_many,butterflies,without,0,two,7
52,one_slider,1.8705,twowithout,none,lions,without,1,four,8
52,one_slider,1.8705,twowithout,all,control3,without,0,four,9
52,one_slider,1.8705,twowithout,none,frog,with,1,four,10
52,one_slider,1.8705,twowithout,none,dinosaurs,with,1,two,11
52,one_slider,1.8705,twowithout,none,control2,without,0.73,two,12
53,one_slider_practice,11.996833333333333,twowith,,,,0.98,,
53,one_slider_practice,11.996833333333333,twowith,,,,0.01,,
53,one_slider,11.996833333333333,twowith,how_many,control3,without,0.01,four,6
53,one_slider,11.996833333333333,twowith,none,frog,without,0.02,two,7
53,one_slider,11.996833333333333,twowith,none,control2,without,0.98,two,8
53,one_slider,11.996833333333333,twowith,how_many,control1,without,0.02,four,9
53,one_slider,11.996833333333333,twowith,how_many,dinosaurs,without,0.02,two,10
53,one_slider,11.996833333333333,twowith,all,butterflies,without,0.01,two,11
53,one_slider,11.996833333333333,twowith,all,lions,with,0.02,two,12
54,one_slider_practice,4.688933333333333,twowith,,,,0.99,,
54,one_slider_practice,4.688933333333333,twowith,,,,0.06,,
54,one_slider,4.688933333333333,twowith,all,dinosaurs,with,0.06,two,6
54,one_slider,4.688933333333333,twowith,all,frog,with,0.96,four,7
54,one_slider,4.688933333333333,twowith,how_many,control1,without,0.06,two,8
54,one_slider,4.688933333333333,twowith,none,butterflies,without,0.99,four,9
54,one_slider,4.688933333333333,twowith,how_many,control3,without,0.04,four,10
54,one_slider,4.688933333333333,twowith,how_many,control2,without,0.95,two,11
54,one_slider,4.688933333333333,twowith,all,lions,with,0.97,two,12
55,one_slider_practice,5.56635,fourwith,,,,0.99,,
55,one_slider_practice,5.56635,fourwith,,,,0.01,,
55,one_slider,5.56635,fourwith,all,control1,with,0.01,four,6
55,one_slider,5.56635,fourwith,all,lions,with,0.96,four,7
55,one_slider,5.56635,fourwith,how_many,control3,without,0.01,two,8
55,one_slider,5.56635,fourwith,none,butterflies,with,0,two,9
55,one_slider,5.56635,fourwith,none,control2,without,0.98,four,10
55,one_slider,5.56635,fourwith,none,dinosaurs,with,0.01,two,11
55,one_slider,5.56635,fourwith,all,frog,with,0.94,four,12
56,one_slider_practice,1.2542,twowith,,,,0.67,,
56,one_slider_practice,1.2542,twowith,,,,0.33,,
56,one_slider,1.2542,twowith,none,lions,with,0.61,four,6
56,one_slider,1.2542,twowith,none,control3,without,0.44,two,7
56,one_slider,1.2542,twowith,none,butterflies,without,0.76,four,8
56,one_slider,1.2542,twowith,all,control2,with,0.39,four,9
56,one_slider,1.2542,twowith,all,dinosaurs,with,0.67,two,10
56,one_slider,1.2542,twowith,how_many,frog,with,0.5,four,11
56,one_slider,1.2542,twowith,none,control1,with,0.32,two,12
57,one_slider_practice,4.169033333333333,twowith,,,,0.97,,
57,one_slider_practice,4.169033333333333,twowith,,,,0.01,,
57,one_slider,4.169033333333333,twowith,how_many,control2,without,1,four,6
57,one_slider,4.169033333333333,twowith,none,control3,without,0,two,7
57,one_slider,4.169033333333333,twowith,how_many,lions,without,1,four,8
57,one_slider,4.169033333333333,twowith,all,frog,with,0,two,9
57,one_slider,4.169033333333333,twowith,none,control1,without,0,two,10
57,one_slider,4.169033333333333,twowith,all,dinosaurs,with,1,four,11
57,one_slider,4.169033333333333,twowith,none,butterflies,with,1,two,12
58,one_slider_practice,3.8586666666666667,fourwith,,,,1,,
58,one_slider_practice,3.8586666666666667,fourwith,,,,0,,
58,one_slider,3.8586666666666667,fourwith,how_many,lions,without,0,two,6
58,one_slider,3.8586666666666667,fourwith,none,control3,without,0,four,7
58,one_slider,3.8586666666666667,fourwith,how_many,frog,with,1,four,8
58,one_slider,3.8586666666666667,fourwith,all,control2,without,1,two,9
58,one_slider,3.8586666666666667,fourwith,none,butterflies,with,1,four,10
58,one_slider,3.8586666666666667,fourwith,how_many,dinosaurs,without,0,two,11
58,one_slider,3.8586666666666667,fourwith,how_many,control1,with,0,four,12
59,one_slider_practice,4.398733333333333,twowithout,,,,0.59,,
59,one_slider_practice,4.398733333333333,twowithout,,,,0.69,,
59,one_slider,4.398733333333333,twowithout,none,lions,with,0.71,four,6
59,one_slider,4.398733333333333,twowithout,all,control3,with,0.74,four,7
59,one_slider,4.398733333333333,twowithout,all,control2,with,0.73,four,8
59,one_slider,4.398733333333333,twowithout,how_many,butterflies,without,0.67,four,9
59,one_slider,4.398733333333333,twowithout,all,frog,without,0.58,four,10
59,one_slider,4.398733333333333,twowithout,none,control1,without,0.59,two,11
59,one_slider,4.398733333333333,twowithout,all,dinosaurs,without,0.7,two,12
60,one_slider_practice,2.977533333333333,twowithout,,,,1,,
60,one_slider_practice,2.977533333333333,twowithout,,,,0,,
60,one_slider,2.977533333333333,twowithout,how_many,lions,with,1,two,6
60,one_slider,2.977533333333333,twowithout,none,butterflies,with,0,two,7
60,one_slider,2.977533333333333,twowithout,how_many,frog,with,0,two,8
60,one_slider,2.977533333333333,twowithout,all,dinosaurs,without,0,two,9
60,one_slider,2.977533333333333,twowithout,how_many,control2,without,1,two,10
60,one_slider,2.977533333333333,twowithout,how_many,control3,without,0,four,11
60,one_slider,2.977533333333333,twowithout,all,control1,without,0,two,12
61,one_slider_practice,5.773883333333333,fourwith,,,,0.99,,
61,one_slider_practice,5.773883333333333,fourwith,,,,0.03,,
61,one_slider,5.773883333333333,fourwith,none,control3,with,0.02,two,6
61,one_slider,5.773883333333333,fourwith,how_many,dinosaurs,without,0.98,four,7
61,one_slider,5.773883333333333,fourwith,how_many,lions,without,0.99,four,8
61,one_slider,5.773883333333333,fourwith,none,control1,with,0.03,two,9
61,one_slider,5.773883333333333,fourwith,how_many,control2,without,0.99,two,10
61,one_slider,5.773883333333333,fourwith,all,butterflies,with,0.04,two,11
61,one_slider,5.773883333333333,fourwith,all,frog,with,1,four,12
62,one_slider_practice,1.7486166666666667,fourwith,,,,0.83,,
62,one_slider_practice,1.7486166666666667,fourwith,,,,0.86,,
62,one_slider,1.7486166666666667,fourwith,how_many,control3,without,0.9,four,6
62,one_slider,1.7486166666666667,fourwith,all,control1,with,0.53,four,7
62,one_slider,1.7486166666666667,fourwith,all,lions,with,0.66,two,8
62,one_slider,1.7486166666666667,fourwith,all,frog,without,0.83,two,9
62,one_slider,1.7486166666666667,fourwith,how_many,dinosaurs,without,0.45,two,10
62,one_slider,1.7486166666666667,fourwith,how_many,control2,with,0.61,four,11
62,one_slider,1.7486166666666667,fourwith,none,butterflies,with,0.74,four,12
63,one_slider_practice,2.106883333333333,twowith,,,,0.55,,
63,one_slider_practice,2.106883333333333,twowith,,,,0.87,,
63,one_slider,2.106883333333333,twowith,none,dinosaurs,without,0.94,four,6
63,one_slider,2.106883333333333,twowith,all,control3,without,0.93,two,7
63,one_slider,2.106883333333333,twowith,how_many,control2,with,0.19,four,8
63,one_slider,2.106883333333333,twowith,none,butterflies,with,0.42,two,9
63,one_slider,2.106883333333333,twowith,none,frog,with,0.83,two,10
63,one_slider,2.106883333333333,twowith,how_many,control1,without,0.52,two,11
63,one_slider,2.106883333333333,twowith,all,lions,with,0.72,two,12
64,one_slider_practice,1.8885333333333334,twowith,,,,0.04,,
64,one_slider_practice,1.8885333333333334,twowith,,,,0.88,,
64,one_slider,1.8885333333333334,twowith,all,frog,with,0.64,four,6
64,one_slider,1.8885333333333334,twowith,none,butterflies,with,0.71,four,7
64,one_slider,1.8885333333333334,twowith,none,control2,with,0.81,four,8
64,one_slider,1.8885333333333334,twowith,none,lions,without,0.78,two,9
64,one_slider,1.8885333333333334,twowith,none,dinosaurs,without,0.68,two,10
64,one_slider,1.8885333333333334,twowith,how_many,control3,without,0.58,two,11
64,one_slider,1.8885333333333334,twowith,none,control1,with,0.74,two,12
65,one_slider_practice,3.8054666666666668,fourwith,,,,0.97,,
65,one_slider_practice,3.8054666666666668,fourwith,,,,0.02,,
65,one_slider,3.8054666666666668,fourwith,none,frog,with,0.97,two,6
65,one_slider,3.8054666666666668,fourwith,all,butterflies,without,0.98,four,7
65,one_slider,3.8054666666666668,fourwith,how_many,control2,without,0.95,four,8
65,one_slider,3.8054666666666668,fourwith,how_many,control3,without,0.03,four,9
65,one_slider,3.8054666666666668,fourwith,none,control1,without,0.01,two,10
65,one_slider,3.8054666666666668,fourwith,none,dinosaurs,without,0.02,two,11
65,one_slider,3.8054666666666668,fourwith,all,lions,with,0.97,four,12
66,one_slider_practice,5.477966666666667,fourwithout,,,,0.97,,
66,one_slider_practice,5.477966666666667,fourwithout,,,,0.03,,
66,one_slider,5.477966666666667,fourwithout,all,control3,without,0.02,four,6
66,one_slider,5.477966666666667,fourwithout,all,control1,with,0.02,two,7
66,one_slider,5.477966666666667,fourwithout,all,lions,with,0.94,two,8
66,one_slider,5.477966666666667,fourwithout,all,frog,without,0.97,four,9
66,one_slider,5.477966666666667,fourwithout,all,control2,without,0.96,two,10
66,one_slider,5.477966666666667,fourwithout,none,dinosaurs,without,0.67,two,11
66,one_slider,5.477966666666667,fourwithout,all,butterflies,without,0.95,four,12
67,one_slider_practice,5.936533333333333,fourwithout,,,,0.99,,
67,one_slider_practice,5.936533333333333,fourwithout,,,,0.01,,
67,one_slider,5.936533333333333,fourwithout,none,control1,without,0.01,two,6
67,one_slider,5.936533333333333,fourwithout,none,lions,without,0.99,two,7
67,one_slider,5.936533333333333,fourwithout,all,butterflies,with,0.99,two,8
67,one_slider,5.936533333333333,fourwithout,how_many,dinosaurs,without,0.99,four,9
67,one_slider,5.936533333333333,fourwithout,how_many,control3,with,0.01,four,10
67,one_slider,5.936533333333333,fourwithout,none,control2,with,0.99,four,11
67,one_slider,5.936533333333333,fourwithout,how_many,frog,without,0.99,four,12
68,one_slider_practice,1.5113666666666667,twowith,,,,0.71,,
68,one_slider_practice,1.5113666666666667,twowith,,,,0.47,,
68,one_slider,1.5113666666666667,twowith,all,control1,without,0.79,four,6
68,one_slider,1.5113666666666667,twowith,all,control3,without,0.46,two,7
68,one_slider,1.5113666666666667,twowith,all,butterflies,with,0.75,two,8
68,one_slider,1.5113666666666667,twowith,all,dinosaurs,with,0.28,four,9
68,one_slider,1.5113666666666667,twowith,none,frog,with,0.78,two,10
68,one_slider,1.5113666666666667,twowith,none,control2,with,0.73,two,11
68,one_slider,1.5113666666666667,twowith,none,lions,with,0.84,two,12
69,one_slider_practice,5.0632166666666665,fourwithout,,,,1,,
69,one_slider_practice,5.0632166666666665,fourwithout,,,,0,,
69,one_slider,5.0632166666666665,fourwithout,none,dinosaurs,with,0,two,6
69,one_slider,5.0632166666666665,fourwithout,how_many,frog,with,1,four,7
69,one_slider,5.0632166666666665,fourwithout,all,control2,with,1,four,8
69,one_slider,5.0632166666666665,fourwithout,none,lions,without,0,two,9
69,one_slider,5.0632166666666665,fourwithout,none,butterflies,without,0,two,10
69,one_slider,5.0632166666666665,fourwithout,none,control3,without,0,four,11
69,one_slider,5.0632166666666665,fourwithout,none,control1,without,0,four,12
70,one_slider_practice,4.422016666666667,fourwith,,,,0.9,,
70,one_slider_practice,4.422016666666667,fourwith,,,,0.03,,
70,one_slider,4.422016666666667,fourwith,how_many,lions,with,0.89,four,6
70,one_slider,4.422016666666667,fourwith,none,butterflies,with,0.97,four,7
70,one_slider,4.422016666666667,fourwith,how_many,control1,with,0,four,8
70,one_slider,4.422016666666667,fourwith,all,control3,without,0.02,four,9
70,one_slider,4.422016666666667,fourwith,how_many,control2,without,0.94,four,10
70,one_slider,4.422016666666667,fourwith,all,dinosaurs,with,0.99,four,11
70,one_slider,4.422016666666667,fourwith,how_many,frog,with,1,four,12
71,one_slider_practice,2.6336833333333334,twowith,,,,0.98,,
71,one_slider_practice,2.6336833333333334,twowith,,,,0,,
71,one_slider,2.6336833333333334,twowith,all,control1,without,0,four,6
71,one_slider,2.6336833333333334,twowith,all,butterflies,with,0,two,7
71,one_slider,2.6336833333333334,twowith,all,dinosaurs,with,0,two,8
71,one_slider,2.6336833333333334,twowith,how_many,control2,with,1,four,9
71,one_slider,2.6336833333333334,twowith,all,lions,without,1,four,10
71,one_slider,2.6336833333333334,twowith,how_many,control3,without,0,four,11
71,one_slider,2.6336833333333334,twowith,none,frog,with,0,two,12
72,one_slider_practice,3.5796833333333336,twowithout,,,,0.04,,
72,one_slider_practice,3.5796833333333336,twowithout,,,,0.97,,
72,one_slider,3.5796833333333336,twowithout,none,control2,without,0.99,four,6
72,one_slider,3.5796833333333336,twowithout,none,dinosaurs,with,0.03,two,7
72,one_slider,3.5796833333333336,twowithout,none,control3,without,0.02,two,8
72,one_slider,3.5796833333333336,twowithout,how_many,control1,without,0.03,four,9
72,one_slider,3.5796833333333336,twowithout,all,butterflies,with,0.02,two,10
72,one_slider,3.5796833333333336,twowithout,none,lions,with,0.18,two,11
72,one_slider,3.5796833333333336,twowithout,none,frog,without,0.03,two,12
73,one_slider_practice,4.600116666666667,twowith,,,,1,,
73,one_slider_practice,4.600116666666667,twowith,,,,0,,
73,one_slider,4.600116666666667,twowith,how_many,control3,with,0,two,6
73,one_slider,4.600116666666667,twowith,all,frog,without,1,four,7
73,one_slider,4.600116666666667,twowith,how_many,control1,with,0,two,8
73,one_slider,4.600116666666667,twowith,all,lions,with,1,two,9
73,one_slider,4.600116666666667,twowith,how_many,dinosaurs,without,1,four,10
73,one_slider,4.600116666666667,twowith,how_many,butterflies,without,0.99,four,11
73,one_slider,4.600116666666667,twowith,how_many,control2,with,1,two,12
74,one_slider_practice,4.47545,twowithout,,,,0.9,,
74,one_slider_practice,4.47545,twowithout,,,,0.04,,
74,one_slider,4.47545,twowithout,how_many,butterflies,with,0.98,four,6
74,one_slider,4.47545,twowithout,how_many,dinosaurs,with,0.98,four,7
74,one_slider,4.47545,twowithout,none,frog,with,0.02,two,8
74,one_slider,4.47545,twowithout,all,control3,with,0.03,four,9
74,one_slider,4.47545,twowithout,none,lions,without,0.04,two,10
74,one_slider,4.47545,twowithout,all,control1,without,0.04,two,11
74,one_slider,4.47545,twowithout,how_many,control2,without,1,two,12
75,one_slider_practice,2.8915,twowithout,,,,0.97,,
75,one_slider_practice,2.8915,twowithout,,,,0.03,,
75,one_slider,2.8915,twowithout,all,dinosaurs,without,0.98,four,6
75,one_slider,2.8915,twowithout,all,frog,without,0.01,two,7
75,one_slider,2.8915,twowithout,none,lions,with,0.02,two,8
75,one_slider,2.8915,twowithout,how_many,control2,without,0.99,two,9
75,one_slider,2.8915,twowithout,how_many,control1,with,0.01,two,10
75,one_slider,2.8915,twowithout,all,butterflies,without,0.98,four,11
75,one_slider,2.8915,twowithout,how_many,control3,without,0,two,12
76,one_slider_practice,3.4861,fourwithout,,,,0.99,,
76,one_slider_practice,3.4861,fourwithout,,,,0.02,,
76,one_slider,3.4861,fourwithout,how_many,lions,with,0.97,four,6
76,one_slider,3.4861,fourwithout,none,control1,with,0.01,two,7
76,one_slider,3.4861,fourwithout,all,butterflies,with,0.98,four,8
76,one_slider,3.4861,fourwithout,how_many,control2,with,0.98,two,9
76,one_slider,3.4861,fourwithout,all,dinosaurs,without,0.03,two,10
76,one_slider,3.4861,fourwithout,none,control3,with,0.02,two,11
76,one_slider,3.4861,fourwithout,none,frog,without,0.98,four,12
77,one_slider_practice,5.509116666666666,fourwith,,,,1,,
77,one_slider_practice,5.509116666666666,fourwith,,,,0,,
77,one_slider,5.509116666666666,fourwith,all,control3,with,0,four,6
77,one_slider,5.509116666666666,fourwith,how_many,control2,with,1,four,7
77,one_slider,5.509116666666666,fourwith,none,control1,without,0,two,8
77,one_slider,5.509116666666666,fourwith,how_many,frog,without,1,four,9
77,one_slider,5.509116666666666,fourwith,all,butterflies,with,0.06,two,10
77,one_slider,5.509116666666666,fourwith,none,lions,with,0.08,two,11
77,one_slider,5.509116666666666,fourwith,all,dinosaurs,with,0.94,four,12
78,one_slider_practice,6.086083333333334,twowithout,,,,0.98,,
78,one_slider_practice,6.086083333333334,twowithout,,,,0.02,,
78,one_slider,6.086083333333334,twowithout,how_many,lions,without,0.01,two,6
78,one_slider,6.086083333333334,twowithout,all,butterflies,with,0,two,7
78,one_slider,6.086083333333334,twowithout,all,control1,without,0,four,8
78,one_slider,6.086083333333334,twowithout,all,control2,without,1,two,9
78,one_slider,6.086083333333334,twowithout,all,control3,without,0,two,10
78,one_slider,6.086083333333334,twowithout,how_many,frog,without,1,four,11
78,one_slider,6.086083333333334,twowithout,how_many,dinosaurs,without,0,two,12
79,one_slider_practice,4.840916666666667,twowith,,,,1,,
79,one_slider_practice,4.840916666666667,twowith,,,,0,,
79,one_slider,4.840916666666667,twowith,all,dinosaurs,without,1,four,6
79,one_slider,4.840916666666667,twowith,how_many,frog,without,0,two,7
79,one_slider,4.840916666666667,twowith,how_many,control3,with,0,two,8
79,one_slider,4.840916666666667,twowith,none,control2,with,1,two,9
79,one_slider,4.840916666666667,twowith,how_many,control1,with,0,two,10
79,one_slider,4.840916666666667,twowith,how_many,butterflies,with,1,two,11
79,one_slider,4.840916666666667,twowith,none,lions,with,1,two,12
80,one_slider_practice,4.1302666666666665,fourwithout,,,,0.01,,
80,one_slider_practice,4.1302666666666665,fourwithout,,,,0.03,,
80,one_slider,4.1302666666666665,fourwithout,none,dinosaurs,with,0,two,6
80,one_slider,4.1302666666666665,fourwithout,how_many,control2,with,0.98,two,7
80,one_slider,4.1302666666666665,fourwithout,all,control1,with,0.01,four,8
80,one_slider,4.1302666666666665,fourwithout,how_many,butterflies,with,0.07,two,9
80,one_slider,4.1302666666666665,fourwithout,none,lions,without,0.01,two,10
80,one_slider,4.1302666666666665,fourwithout,all,control3,without,0.02,two,11
80,one_slider,4.1302666666666665,fourwithout,none,frog,without,0.98,four,12
81,one_slider_practice,6.0348,twowith,,,,1,,
81,one_slider_practice,6.0348,twowith,,,,0,,
81,one_slider,6.0348,twowith,none,control2,without,1,two,6
81,one_slider,6.0348,twowith,how_many,control1,with,0,two,7
81,one_slider,6.0348,twowith,none,dinosaurs,with,0,two,8
81,one_slider,6.0348,twowith,all,butterflies,without,1,four,9
81,one_slider,6.0348,twowith,how_many,control3,without,0,two,10
81,one_slider,6.0348,twowith,how_many,frog,with,1,four,11
81,one_slider,6.0348,twowith,none,lions,with,0,two,12
82,one_slider_practice,12.165733333333334,fourwith,,,,0.95,,
82,one_slider_practice,12.165733333333334,fourwith,,,,0.03,,
82,one_slider,12.165733333333334,fourwith,how_many,control2,with,0.97,two,6
82,one_slider,12.165733333333334,fourwith,how_many,lions,without,0.07,two,7
82,one_slider,12.165733333333334,fourwith,how_many,dinosaurs,with,0.01,two,8
82,one_slider,12.165733333333334,fourwith,all,frog,with,0.96,four,9
82,one_slider,12.165733333333334,fourwith,none,butterflies,without,0.09,two,10
82,one_slider,12.165733333333334,fourwith,how_many,control1,without,0.08,four,11
82,one_slider,12.165733333333334,fourwith,all,control3,with,0.05,four,12
83,one_slider_practice,21.4219,twowithout,,,,0.98,,
83,one_slider_practice,21.4219,twowithout,,,,0.07,,
83,one_slider,21.4219,twowithout,none,butterflies,without,1,four,6
83,one_slider,21.4219,twowithout,how_many,control1,without,0.07,two,7
83,one_slider,21.4219,twowithout,all,dinosaurs,with,0.97,four,8
83,one_slider,21.4219,twowithout,none,frog,with,1,four,9
83,one_slider,21.4219,twowithout,how_many,lions,with,0.9,two,10
83,one_slider,21.4219,twowithout,how_many,control2,with,0.95,four,11
83,one_slider,21.4219,twowithout,how_many,control3,without,0.06,two,12
84,one_slider_practice,5.506433333333334,fourwith,,,,0.91,,
84,one_slider_practice,5.506433333333334,fourwith,,,,0.07,,
84,one_slider,5.506433333333334,fourwith,none,dinosaurs,without,0.97,two,6
84,one_slider,5.506433333333334,fourwith,none,control3,without,0.05,four,7
84,one_slider,5.506433333333334,fourwith,none,butterflies,with,0.07,two,8
84,one_slider,5.506433333333334,fourwith,all,frog,with,0.05,two,9
84,one_slider,5.506433333333334,fourwith,all,control2,without,0.94,four,10
84,one_slider,5.506433333333334,fourwith,how_many,lions,with,0.95,four,11
84,one_slider,5.506433333333334,fourwith,none,control1,with,0.08,four,12
85,one_slider_practice,2.6222166666666666,fourwith,,,,0.9,,
85,one_slider_practice,2.6222166666666666,fourwith,,,,0,,
85,one_slider,2.6222166666666666,fourwith,how_many,control2,without,1,four,6
85,one_slider,2.6222166666666666,fourwith,how_many,frog,without,0,two,7
85,one_slider,2.6222166666666666,fourwith,how_many,control1,with,0.19,four,8
85,one_slider,2.6222166666666666,fourwith,how_many,dinosaurs,without,1,four,9
85,one_slider,2.6222166666666666,fourwith,all,lions,without,0,two,10
85,one_slider,2.6222166666666666,fourwith,none,butterflies,without,0,two,11
85,one_slider,2.6222166666666666,fourwith,none,control3,with,0,four,12
86,one_slider_practice,3.2048666666666668,fourwith,,,,1,,
86,one_slider_practice,3.2048666666666668,fourwith,,,,0.07,,
86,one_slider,3.2048666666666668,fourwith,all,dinosaurs,with,0.19,two,6
86,one_slider,3.2048666666666668,fourwith,none,control2,with,1,two,7
86,one_slider,3.2048666666666668,fourwith,none,control3,with,0.01,two,8
86,one_slider,3.2048666666666668,fourwith,how_many,frog,with,1,four,9
86,one_slider,3.2048666666666668,fourwith,none,lions,without,1,four,10
86,one_slider,3.2048666666666668,fourwith,how_many,butterflies,without,0.89,four,11
86,one_slider,3.2048666666666668,fourwith,all,control1,with,0,four,12
87,one_slider_practice,2.21445,fourwith,,,,1,,
87,one_slider_practice,2.21445,fourwith,,,,0.01,,
87,one_slider,2.21445,fourwith,none,control1,without,0,four,6
87,one_slider,2.21445,fourwith,how_many,lions,without,0.75,two,7
87,one_slider,2.21445,fourwith,none,butterflies,without,1,four,8
87,one_slider,2.21445,fourwith,all,control3,with,0,four,9
87,one_slider,2.21445,fourwith,none,control2,with,1,two,10
87,one_slider,2.21445,fourwith,how_many,frog,without,0.99,four,11
87,one_slider,2.21445,fourwith,how_many,dinosaurs,with,1,four,12
88,one_slider_practice,3.9880166666666668,fourwithout,,,,1,,
88,one_slider_practice,3.9880166666666668,fourwithout,,,,0,,
88,one_slider,3.9880166666666668,fourwithout,how_many,control3,with,0,two,6
88,one_slider,3.9880166666666668,fourwithout,how_many,dinosaurs,with,0,two,7
88,one_slider,3.9880166666666668,fourwithout,how_many,frog,without,0,two,8
88,one_slider,3.9880166666666668,fourwithout,how_many,lions,without,1,four,9
88,one_slider,3.9880166666666668,fourwithout,all,control2,with,1,four,10
88,one_slider,3.9880166666666668,fourwithout,all,control1,with,0.91,four,11
88,one_slider,3.9880166666666668,fourwithout,how_many,butterflies,without,1,four,12
89,one_slider_practice,7.574916666666667,twowithout,,,,0.97,,
89,one_slider_practice,7.574916666666667,twowithout,,,,0.02,,
89,one_slider,7.574916666666667,twowithout,none,control3,with,0,four,6
89,one_slider,7.574916666666667,twowithout,how_many,frog,without,0.02,two,7
89,one_slider,7.574916666666667,twowithout,all,dinosaurs,without,0.97,four,8
89,one_slider,7.574916666666667,twowithout,how_many,lions,with,0.98,four,9
89,one_slider,7.574916666666667,twowithout,all,butterflies,with,0.02,two,10
89,one_slider,7.574916666666667,twowithout,none,control2,without,0.99,four,11
89,one_slider,7.574916666666667,twowithout,all,control1,without,0,two,12
90,one_slider_practice,2.54925,twowith,,,,1,,
90,one_slider_practice,2.54925,twowith,,,,0,,
90,one_slider,2.54925,twowith,none,control1,with,0,two,6
90,one_slider,2.54925,twowith,all,lions,with,0,four,7
90,one_slider,2.54925,twowith,all,control2,without,1,two,8
90,one_slider,2.54925,twowith,none,dinosaurs,without,1,four,9
90,one_slider,2.54925,twowith,all,butterflies,with,0,two,10
90,one_slider,2.54925,twowith,all,control3,with,0.03,two,11
90,one_slider,2.54925,twowith,how_many,frog,with,0.03,two,12
91,one_slider_practice,3.504,fourwithout,,,,0.9,,
91,one_slider_practice,3.504,fourwithout,,,,0.13,,
91,one_slider,3.504,fourwithout,none,dinosaurs,without,0.19,two,6
91,one_slider,3.504,fourwithout,none,control3,without,0.13,two,7
91,one_slider,3.504,fourwithout,none,control1,without,0.11,two,8
91,one_slider,3.504,fourwithout,none,control2,without,0.79,four,9
91,one_slider,3.504,fourwithout,none,frog,without,0.23,two,10
91,one_slider,3.504,fourwithout,none,lions,without,0.87,four,11
91,one_slider,3.504,fourwithout,none,butterflies,without,0.85,four,12
92,one_slider_practice,7.529216666666667,twowith,,,,1,,
92,one_slider_practice,7.529216666666667,twowith,,,,0,,
92,one_slider,7.529216666666667,twowith,all,control1,with,0,four,6
92,one_slider,7.529216666666667,twowith,how_many,dinosaurs,with,0,two,7
92,one_slider,7.529216666666667,twowith,all,lions,without,0,two,8
92,one_slider,7.529216666666667,twowith,none,frog,without,0,two,9
92,one_slider,7.529216666666667,twowith,all,butterflies,with,1,four,10
92,one_slider,7.529216666666667,twowith,how_many,control3,without,0,four,11
92,one_slider,7.529216666666667,twowith,all,control2,with,1,two,12
93,one_slider_practice,7.627633333333334,fourwith,,,,0.9,,
93,one_slider_practice,7.627633333333334,fourwith,,,,0.11,,
93,one_slider,7.627633333333334,fourwith,none,dinosaurs,without,0.81,four,6
93,one_slider,7.627633333333334,fourwith,all,control3,without,0.28,two,7
93,one_slider,7.627633333333334,fourwith,how_many,butterflies,with,0.31,two,8
93,one_slider,7.627633333333334,fourwith,none,frog,without,0.68,four,9
93,one_slider,7.627633333333334,fourwith,how_many,lions,without,0.8,four,10
93,one_slider,7.627633333333334,fourwith,how_many,control2,with,0.58,four,11
93,one_slider,7.627633333333334,fourwith,how_many,control1,with,0.23,four,12
94,one_slider_practice,7.87115,fourwithout,,,,0.06,,
94,one_slider_practice,7.87115,fourwithout,,,,0.97,,
94,one_slider,7.87115,fourwithout,how_many,butterflies,without,0.04,two,6
94,one_slider,7.87115,fourwithout,how_many,dinosaurs,with,0.03,two,7
94,one_slider,7.87115,fourwithout,none,control1,with,0.99,two,8
94,one_slider,7.87115,fourwithout,none,control2,without,0,four,9
94,one_slider,7.87115,fourwithout,none,control3,without,0.04,four,10
94,one_slider,7.87115,fourwithout,all,frog,without,0.96,four,11
94,one_slider,7.87115,fourwithout,all,lions,without,0.95,four,12
95,one_slider_practice,14.948833333333333,twowithout,,,,0,,
95,one_slider_practice,14.948833333333333,twowithout,,,,0,,
95,one_slider,14.948833333333333,twowithout,all,butterflies,without,0,two,6
95,one_slider,14.948833333333333,twowithout,none,frog,without,0.72,two,7
95,one_slider,14.948833333333333,twowithout,all,lions,without,0.53,four,8
95,one_slider,14.948833333333333,twowithout,all,control2,with,0.89,four,9
95,one_slider,14.948833333333333,twowithout,how_many,dinosaurs,without,1,four,10
95,one_slider,14.948833333333333,twowithout,all,control1,without,0.71,two,11
95,one_slider,14.948833333333333,twowithout,none,control3,without,0.63,two,12
96,one_slider_practice,13.208266666666667,twowith,,,,0.99,,
96,one_slider_practice,13.208266666666667,twowith,,,,0,,
96,one_slider,13.208266666666667,twowith,all,lions,without,1,four,6
96,one_slider,13.208266666666667,twowith,how_many,control1,with,0.01,four,7
96,one_slider,13.208266666666667,twowith,how_many,dinosaurs,without,0.02,two,8
96,one_slider,13.208266666666667,twowith,all,control2,with,0.98,two,9
96,one_slider,13.208266666666667,twowith,none,frog,with,0.99,four,10
96,one_slider,13.208266666666667,twowith,none,butterflies,with,0.01,two,11
96,one_slider,13.208266666666667,twowith,how_many,control3,with,0.02,two,12
97,one_slider_practice,5.8202,fourwith,,,,0.99,,
97,one_slider_practice,5.8202,fourwith,,,,0.01,,
97,one_slider,5.8202,fourwith,none,control1,with,0.01,two,6
97,one_slider,5.8202,fourwith,none,dinosaurs,without,0.99,four,7
97,one_slider,5.8202,fourwith,none,lions,with,0.99,two,8
97,one_slider,5.8202,fourwith,how_many,control2,without,0.98,two,9
97,one_slider,5.8202,fourwith,all,butterflies,without,0.99,four,10
97,one_slider,5.8202,fourwith,all,control3,with,0.03,two,11
97,one_slider,5.8202,fourwith,how_many,frog,with,0.98,four,12
98,one_slider_practice,5.43975,fourwith,,,,1,,
98,one_slider_practice,5.43975,fourwith,,,,0,,
98,one_slider,5.43975,fourwith,none,control1,without,0,two,6
98,one_slider,5.43975,fourwith,how_many,butterflies,without,0.75,two,7
98,one_slider,5.43975,fourwith,all,frog,with,1,four,8
98,one_slider,5.43975,fourwith,how_many,control3,with,0.01,four,9
98,one_slider,5.43975,fourwith,all,dinosaurs,with,1,four,10
98,one_slider,5.43975,fourwith,all,control2,without,1,four,11
98,one_slider,5.43975,fourwith,all,lions,with,0.51,four,12
99,one_slider_practice,4.773766666666667,fourwith,,,,0.93,,
99,one_slider_practice,4.773766666666667,fourwith,,,,0.08,,
99,one_slider,4.773766666666667,fourwith,how_many,control3,without,0.09,two,6
99,one_slider,4.773766666666667,fourwith,all,frog,with,0.79,two,7
99,one_slider,4.773766666666667,fourwith,how_many,control2,with,0.89,two,8
99,one_slider,4.773766666666667,fourwith,all,control1,without,0.08,two,9
99,one_slider,4.773766666666667,fourwith,all,lions,without,0.89,four,10
99,one_slider,4.773766666666667,fourwith,none,dinosaurs,with,0.86,two,11
99,one_slider,4.773766666666667,fourwith,none,butterflies,with,0.84,four,12
100,one_slider_practice,4.825566666666667,fourwithout,,,,0.97,,
100,one_slider_practice,4.825566666666667,fourwithout,,,,0.01,,
100,one_slider,4.825566666666667,fourwithout,all,dinosaurs,with,1,four,6
100,one_slider,4.825566666666667,fourwithout,none,butterflies,with,0.01,two,7
100,one_slider,4.825566666666667,fourwithout,none,frog,without,0.01,two,8
100,one_slider,4.825566666666667,fourwithout,none,control3,without,0,four,9
100,one_slider,4.825566666666667,fourwithout,none,control2,with,0.98,two,10
100,one_slider,4.825566666666667,fourwithout,how_many,lions,without,0.51,two,11
100,one_slider,4.825566666666667,fourwithout,none,control1,without,0,four,12
101,one_slider_practice,2.7433666666666667,fourwithout,,,,0.73,,
101,one_slider_practice,2.7433666666666667,fourwithout,,,,0.44,,
101,one_slider,2.7433666666666667,fourwithout,how_many,lions,with,0.71,four,6
101,one_slider,2.7433666666666667,fourwithout,how_many,butterflies,with,0.66,four,7
101,one_slider,2.7433666666666667,fourwithout,how_many,control3,without,0.26,two,8
101,one_slider,2.7433666666666667,fourwithout,how_many,control1,with,0,four,9
101,one_slider,2.7433666666666667,fourwithout,none,frog,with,1,four,10
101,one_slider,2.7433666666666667,fourwithout,all,control2,without,0.76,two,11
101,one_slider,2.7433666666666667,fourwithout,none,dinosaurs,without,0.95,four,12
102,one_slider_practice,3.7593833333333335,fourwithout,,,,1,,
102,one_slider_practice,3.7593833333333335,fourwithout,,,,0,,
102,one_slider,3.7593833333333335,fourwithout,none,dinosaurs,without,0.11,two,6
102,one_slider,3.7593833333333335,fourwithout,how_many,frog,with,1,four,7
102,one_slider,3.7593833333333335,fourwithout,none,control2,without,1,two,8
102,one_slider,3.7593833333333335,fourwithout,none,lions,with,0.87,four,9
102,one_slider,3.7593833333333335,fourwithout,how_many,control1,without,0.16,two,10
102,one_slider,3.7593833333333335,fourwithout,none,butterflies,with,0.14,two,11
102,one_slider,3.7593833333333335,fourwithout,all,control3,without,0.01,four,12
103,one_slider_practice,16.170116666666665,fourwithout,,,,0.93,,
103,one_slider_practice,16.170116666666665,fourwithout,,,,0.11,,
103,one_slider,16.170116666666665,fourwithout,none,control2,with,0.93,two,6
103,one_slider,16.170116666666665,fourwithout,none,control3,without,0.11,four,7
103,one_slider,16.170116666666665,fourwithout,how_many,control1,without,0.01,four,8
103,one_slider,16.170116666666665,fourwithout,how_many,lions,without,0.04,two,9
103,one_slider,16.170116666666665,fourwithout,how_many,butterflies,without,0.03,two,10
103,one_slider,16.170116666666665,fourwithout,all,dinosaurs,with,0.96,four,11
103,one_slider,16.170116666666665,fourwithout,none,frog,without,0.83,four,12
104,one_slider_practice,14.884716666666666,fourwith,,,,0.96,,
104,one_slider_practice,14.884716666666666,fourwith,,,,0.05,,
104,one_slider,14.884716666666666,fourwith,how_many,frog,with,0.91,four,6
104,one_slider,14.884716666666666,fourwith,all,control1,without,0,two,7
104,one_slider,14.884716666666666,fourwith,none,dinosaurs,with,0.94,four,8
104,one_slider,14.884716666666666,fourwith,how_many,control3,without,0.03,two,9
104,one_slider,14.884716666666666,fourwith,none,control2,without,0.98,two,10
104,one_slider,14.884716666666666,fourwith,none,butterflies,with,0.98,four,11
104,one_slider,14.884716666666666,fourwith,how_many,lions,with,0.06,four,12
105,one_slider_practice,4.037066666666667,twowithout,,,,1,,
105,one_slider_practice,4.037066666666667,twowithout,,,,0,,
105,one_slider,4.037066666666667,twowithout,none,control3,with,0,two,6
105,one_slider,4.037066666666667,twowithout,none,lions,without,0,two,7
105,one_slider,4.037066666666667,twowithout,none,butterflies,without,0,four,8
105,one_slider,4.037066666666667,twowithout,none,dinosaurs,with,0,two,9
105,one_slider,4.037066666666667,twowithout,how_many,frog,without,1,four,10
105,one_slider,4.037066666666667,twowithout,all,control2,without,1,two,11
105,one_slider,4.037066666666667,twowithout,all,control1,without,0,two,12
106,one_slider_practice,19.770816666666665,fourwithout,,,,0.41,,
106,one_slider_practice,19.770816666666665,fourwithout,,,,0.63,,
106,one_slider,19.770816666666665,fourwithout,how_many,control3,without,0.47,four,6
106,one_slider,19.770816666666665,fourwithout,none,dinosaurs,without,0.6,two,7
106,one_slider,19.770816666666665,fourwithout,all,control1,with,0.35,two,8
106,one_slider,19.770816666666665,fourwithout,none,frog,with,0.63,four,9
106,one_slider,19.770816666666665,fourwithout,how_many,butterflies,without,0.42,four,10
106,one_slider,19.770816666666665,fourwithout,how_many,lions,without,0.67,four,11
106,one_slider,19.770816666666665,fourwithout,how_many,control2,without,0.41,four,12
107,one_slider_practice,9.67525,twowith,,,,0.76,,
107,one_slider_practice,9.67525,twowith,,,,0,,
107,one_slider,9.67525,twowith,all,control3,without,0.01,two,6
107,one_slider,9.67525,twowith,how_many,control2,without,0.66,four,7
107,one_slider,9.67525,twowith,all,lions,without,0.81,two,8
107,one_slider,9.67525,twowith,none,butterflies,with,0.92,four,9
107,one_slider,9.67525,twowith,all,dinosaurs,with,0.85,two,10
107,one_slider,9.67525,twowith,all,control1,without,0,four,11
107,one_slider,9.67525,twowith,none,frog,with,0.92,two,12
108,one_slider_practice,2.8851333333333335,fourwith,,,,1,,
108,one_slider_practice,2.8851333333333335,fourwith,,,,0.02,,
108,one_slider,2.8851333333333335,fourwith,all,control3,without,0.02,four,6
108,one_slider,2.8851333333333335,fourwith,how_many,butterflies,with,0.09,two,7
108,one_slider,2.8851333333333335,fourwith,none,lions,with,0.9,four,8
108,one_slider,2.8851333333333335,fourwith,all,frog,without,0.17,two,9
108,one_slider,2.8851333333333335,fourwith,none,control2,with,0.97,two,10
108,one_slider,2.8851333333333335,fourwith,none,control1,with,0.02,two,11
108,one_slider,2.8851333333333335,fourwith,how_many,dinosaurs,with,0.92,four,12
109,one_slider_practice,3.3954166666666667,twowith,,,,1,,
109,one_slider_practice,3.3954166666666667,twowith,,,,0.15,,
109,one_slider,3.3954166666666667,twowith,how_many,frog,without,0.93,four,6
109,one_slider,3.3954166666666667,twowith,how_many,control3,with,0.09,two,7
109,one_slider,3.3954166666666667,twowith,none,butterflies,with,0.08,two,8
109,one_slider,3.3954166666666667,twowith,all,dinosaurs,with,0.99,four,9
109,one_slider,3.3954166666666667,twowith,none,control2,with,1,four,10
109,one_slider,3.3954166666666667,twowith,how_many,lions,without,0.05,two,11
109,one_slider,3.3954166666666667,twowith,how_many,control1,with,0,two,12
110,one_slider_practice,8.677116666666667,twowith,,,,0.99,,
110,one_slider_practice,8.677116666666667,twowith,,,,0.01,,
110,one_slider,8.677116666666667,twowith,none,control1,with,0.03,two,6
110,one_slider,8.677116666666667,twowith,how_many,butterflies,with,0.99,four,7
110,one_slider,8.677116666666667,twowith,none,control3,with,0,two,8
110,one_slider,8.677116666666667,twowith,none,dinosaurs,with,0.02,two,9
110,one_slider,8.677116666666667,twowith,none,lions,without,0.31,two,10
110,one_slider,8.677116666666667,twowith,how_many,frog,with,0.83,four,11
110,one_slider,8.677116666666667,twowith,all,control2,with,0.94,two,12
111,one_slider_practice,6.034083333333333,fourwithout,,,,1,,
111,one_slider_practice,6.034083333333333,fourwithout,,,,0,,
111,one_slider,6.034083333333333,fourwithout,none,frog,without,0,two,6
111,one_slider,6.034083333333333,fourwithout,how_many,lions,with,1,four,7
111,one_slider,6.034083333333333,fourwithout,none,control2,without,1,two,8
111,one_slider,6.034083333333333,fourwithout,how_many,dinosaurs,with,0,two,9
111,one_slider,6.034083333333333,fourwithout,all,butterflies,with,1,two,10
111,one_slider,6.034083333333333,fourwithout,all,control1,with,0,two,11
111,one_slider,6.034083333333333,fourwithout,all,control3,without,0,four,12
112,one_slider_practice,6.653816666666667,twowith,,,,1,,
112,one_slider_practice,6.653816666666667,twowith,,,,0.02,,
112,one_slider,6.653816666666667,twowith,how_many,lions,without,1,four,6
112,one_slider,6.653816666666667,twowith,all,dinosaurs,without,0.99,four,7
112,one_slider,6.653816666666667,twowith,all,frog,without,0.99,four,8
112,one_slider,6.653816666666667,twowith,how_many,control2,without,0.99,four,9
112,one_slider,6.653816666666667,twowith,how_many,control3,with,0.01,two,10
112,one_slider,6.653816666666667,twowith,how_many,control1,without,0.01,two,11
112,one_slider,6.653816666666667,twowith,all,butterflies,with,0,two,12
113,one_slider_practice,1.6268,twowithout,,,,0.66,,
113,one_slider_practice,1.6268,twowithout,,,,0.62,,
113,one_slider,1.6268,twowithout,how_many,lions,without,0.62,four,6
113,one_slider,1.6268,twowithout,all,frog,without,0.72,two,7
113,one_slider,1.6268,twowithout,how_many,dinosaurs,without,0.73,two,8
113,one_slider,1.6268,twowithout,none,control2,without,0.71,two,9
113,one_slider,1.6268,twowithout,none,control3,without,0.75,four,10
113,one_slider,1.6268,twowithout,how_many,butterflies,without,0.66,two,11
113,one_slider,1.6268,twowithout,how_many,control1,without,0.62,two,12
114,one_slider_practice,3.4008333333333334,fourwithout,,,,1,,
114,one_slider_practice,3.4008333333333334,fourwithout,,,,0,,
114,one_slider,3.4008333333333334,fourwithout,how_many,control1,without,0,two,6
114,one_slider,3.4008333333333334,fourwithout,all,control2,without,1,four,7
114,one_slider,3.4008333333333334,fourwithout,all,dinosaurs,without,0.5,four,8
114,one_slider,3.4008333333333334,fourwithout,none,lions,without,1,four,9
114,one_slider,3.4008333333333334,fourwithout,none,frog,with,0,two,10
114,one_slider,3.4008333333333334,fourwithout,all,butterflies,with,0.76,four,11
114,one_slider,3.4008333333333334,fourwithout,all,control3,without,0.03,four,12
115,one_slider_practice,4.40695,fourwith,,,,0.8,,
115,one_slider_practice,4.40695,fourwith,,,,0.78,,
115,one_slider,4.40695,fourwith,how_many,butterflies,without,0.81,four,6
115,one_slider,4.40695,fourwith,all,control1,without,0.91,two,7
115,one_slider,4.40695,fourwith,none,dinosaurs,without,0.77,four,8
115,one_slider,4.40695,fourwith,none,control2,with,0.77,four,9
115,one_slider,4.40695,fourwith,how_many,lions,with,0.79,four,10
115,one_slider,4.40695,fourwith,how_many,control3,without,0.82,four,11
115,one_slider,4.40695,fourwith,all,frog,with,0.78,four,12
116,one_slider_practice,8.44995,fourwith,,,,0.97,,
116,one_slider_practice,8.44995,fourwith,,,,0.08,,
116,one_slider,8.44995,fourwith,all,frog,without,0.93,four,6
116,one_slider,8.44995,fourwith,none,butterflies,with,0.97,two,7
116,one_slider,8.44995,fourwith,how_many,control1,without,0.04,four,8
116,one_slider,8.44995,fourwith,how_many,dinosaurs,without,0.94,two,9
116,one_slider,8.44995,fourwith,none,lions,without,0.01,two,10
116,one_slider,8.44995,fourwith,how_many,control2,with,0.92,two,11
116,one_slider,8.44995,fourwith,none,control3,with,0.03,four,12
117,one_slider_practice,10.161366666666666,twowithout,,,,0.31,,
117,one_slider_practice,10.161366666666666,twowithout,,,,0.65,,
117,one_slider,10.161366666666666,twowithout,none,control2,without,0.64,two,6
117,one_slider,10.161366666666666,twowithout,how_many,control1,with,0.34,two,7
117,one_slider,10.161366666666666,twowithout,none,dinosaurs,with,0.65,two,8
117,one_slider,10.161366666666666,twowithout,none,control3,without,0.39,four,9
117,one_slider,10.161366666666666,twowithout,how_many,frog,without,0.62,four,10
117,one_slider,10.161366666666666,twowithout,how_many,butterflies,without,0.32,four,11
117,one_slider,10.161366666666666,twowithout,none,lions,without,0.67,two,12
118,one_slider_practice,3.2309833333333335,twowith,,,,0.95,,
118,one_slider_practice,3.2309833333333335,twowith,,,,0.01,,
118,one_slider,3.2309833333333335,twowith,none,lions,with,0.86,four,6
118,one_slider,3.2309833333333335,twowith,none,control3,with,0.03,two,7
118,one_slider,3.2309833333333335,twowith,all,control2,with,0.96,two,8
118,one_slider,3.2309833333333335,twowith,none,control1,with,0.02,two,9
118,one_slider,3.2309833333333335,twowith,how_many,dinosaurs,without,0,two,10
118,one_slider,3.2309833333333335,twowith,all,butterflies,with,0,four,11
118,one_slider,3.2309833333333335,twowith,how_many,frog,with,0.05,two,12
119,one_slider_practice,7.05105,twowithout,,,,1,,
119,one_slider_practice,7.05105,twowithout,,,,0,,
119,one_slider,7.05105,twowithout,none,control1,with,0,two,6
119,one_slider,7.05105,twowithout,how_many,control3,without,0,two,7
119,one_slider,7.05105,twowithout,none,butterflies,with,1,four,8
119,one_slider,7.05105,twowithout,none,control2,with,1,four,9
119,one_slider,7.05105,twowithout,all,dinosaurs,with,0,two,10
119,one_slider,7.05105,twowithout,how_many,frog,with,0.81,four,11
119,one_slider,7.05105,twowithout,none,lions,without,0,two,12
